{
  "baseline_wer": 3.508688012495119,
  "fixed_wer": 0.8508395158141351,
  "improvement": 2.657848496680984
}